{
    "total_runtime": 5669.222185134888,
    "num_documents": 36,
    "input_load_time": 0,
    "workflows": {
        "create_base_text_units": {
            "overall": 1.5431177616119385
        },
        "create_final_documents": {
            "overall": 0.25505995750427246
        },
        "extract_graph": {
            "overall": 5647.845386505127
        },
        "finalize_graph": {
            "overall": 0.08997392654418945
        },
        "create_communities": {
            "overall": 0.0734410285949707
        },
        "create_final_text_units": {
            "overall": 0.26323604583740234
        },
        "create_community_reports": {
            "overall": 8.596765041351318
        },
        "generate_text_embeddings": {
            "overall": 10.305853605270386
        }
    }
}